{"toid":"85","truck":"0218LFH","originDate":1573974000000,"originLat":40.4562191,"originLong":-3.8707211,"dstDate":1573999427000,"dstLat":42.5519258,"dstLong":-8.9935558,"lastDate":0,"lastLat":0.0,"lastLong":0.0,"st":0}
{"toid":"59","truck":"0865FTJ","originDate":1568959200000,"originLat":40.4562191,"originLong":-3.8707211,"dstDate":1568962469000,"dstLat":40.9308098,"dstLong":-4.110524799999999,"lastDate":0,"lastLat":0.0,"lastLong":0.0,"st":0}
{"toid":"78","truck":"2915YYL","originDate":1578898800000,"originLat":40.4562191,"originLong":-3.8707211,"dstDate":1578903092000,"dstLat":40.6491754,"dstLong":-4.6736772,"lastDate":0,"lastLat":0.0,"lastLong":0.0,"st":0}
{"toid":"77","truck":"3194XJX","originDate":1571378400000,"originLat":40.4562191,"originLong":-3.8707211,"dstDate":1571396767000,"dstLat":37.8033644,"dstLong":-5.1005242,"lastDate":0,"lastLat":0.0,"lastLong":0.0,"st":0}
{"toid":"13","truck":"3284DLM","originDate":1567836000000,"originLat":40.4562191,"originLong":-3.8707211,"dstDate":1567851359000,"dstLat":39.4649834,"dstLong":-0.3510001,"lastDate":0,"lastLat":0.0,"lastLong":0.0,"st":0}
{"toid":"21","truck":"3746VZK","originDate":1568700000000,"originLat":40.4562191,"originLong":-3.8707211,"dstDate":1568729228000,"dstLat":41.8509703,"dstLong":3.1301423,"lastDate":0,"lastLat":0.0,"lastLong":0.0,"st":0}
{"toid":"46","truck":"3984DJN","originDate":1573801200000,"originLat":40.4562191,"originLong":-3.8707211,"dstDate":1573824815000,"dstLat":42.26335479999999,"dstLong":-8.764006700000001,"lastDate":0,"lastLat":0.0,"lastLong":0.0,"st":0}
{"toid":"94","truck":"4024XHF","originDate":1582095600000,"originLat":40.4562191,"originLong":-3.8707211,"dstDate":1582114809000,"dstLat":42.5808251,"dstLong":-0.5395568,"lastDate":0,"lastLat":0.0,"lastLong":0.0,"st":0}
{"toid":"68","truck":"4935YJB","originDate":1584082800000,"originLat":40.4562191,"originLong":-3.8707211,"dstDate":1584105268000,"dstLat":42.0663242,"dstLong":-8.63701,"lastDate":0,"lastLat":0.0,"lastLong":0.0,"st":0}
{"toid":"79","truck":"5075HVK","originDate":1588140000000,"originLat":40.4562191,"originLong":-3.8707211,"dstDate":1588153753000,"dstLat":41.6401136,"dstLong":-0.88889,"lastDate":0,"lastLat":0.0,"lastLong":0.0,"st":0}
{"toid":"30","truck":"5781NJR","originDate":1568527200000,"originLat":40.4562191,"originLong":-3.8707211,"dstDate":1568540164000,"dstLat":38.9238668,"dstLong":-6.3284971,"lastDate":0,"lastLat":0.0,"lastLong":0.0,"st":0}
{"toid":"44","truck":"5969VYY","originDate":1568613600000,"originLat":40.4562191,"originLong":-3.8707211,"dstDate":1568637518000,"dstLat":36.5086929,"dstLong":-4.867824700000001,"lastDate":0,"lastLat":0.0,"lastLong":0.0,"st":0}
{"toid":"93","truck":"5996YDC","originDate":1570946400000,"originLat":40.4562191,"originLong":-3.8707211,"dstDate":1570971292000,"dstLat":41.3784537,"dstLong":2.0938769,"lastDate":0,"lastLat":0.0,"lastLong":0.0,"st":0}
{"toid":"80","truck":"6114CKX","originDate":1565848800000,"originLat":40.4562191,"originLong":-3.8707211,"dstDate":1565873572000,"dstLat":41.4723177,"dstLong":2.0786951,"lastDate":0,"lastLat":0.0,"lastLong":0.0,"st":0}
{"toid":"12","truck":"6137LVV","originDate":1581922800000,"originLat":40.4562191,"originLong":-3.8707211,"dstDate":1581940246000,"dstLat":39.944219,"dstLong":-0.119985,"lastDate":0,"lastLat":0.0,"lastLong":0.0,"st":0}
{"toid":"25","truck":"6307NBV","originDate":1592892000000,"originLat":40.4562191,"originLong":-3.8707211,"dstDate":1592893774000,"dstLat":40.4718861,"dstLong":-3.5801422,"lastDate":0,"lastLat":0.0,"lastLong":0.0,"st":0}
{"toid":"86","truck":"7208RMB","originDate":1569045600000,"originLat":40.4562191,"originLong":-3.8707211,"dstDate":1569063153000,"dstLat":38.9594444,"dstLong":-0.1755556,"lastDate":0,"lastLat":0.0,"lastLong":0.0,"st":0}
{"toid":"64","truck":"7224HPK","originDate":1588658400000,"originLat":40.4562191,"originLong":-3.8707211,"dstDate":1588659513000,"dstLat":40.379882,"dstLong":-3.751007699999999,"lastDate":0,"lastLat":0.0,"lastLong":0.0,"st":0}
{"toid":"26","truck":"8305JXP","originDate":1567663200000,"originLat":40.4562191,"originLong":-3.8707211,"dstDate":1567674997000,"dstLat":42.2944884,"dstLong":-5.5139192,"lastDate":0,"lastLat":0.0,"lastLong":0.0,"st":0}
{"toid":"28","truck":"8962ZKR","originDate":1591682400000,"originLat":40.4562191,"originLong":-3.8707211,"dstDate":1591692196000,"dstLat":42.0206372,"dstLong":-4.5330132,"lastDate":0,"lastLat":0.0,"lastLong":0.0,"st":0}
